{
  "project_info": {
    "project_number": "1099138608394",
    "project_id": "cleartalk-001-62760",
    "storage_bucket": "cleartalk-001-62760.firebasestorage.app"
  },
  "client": [
    {
      "client_info": {
        "mobilesdk_app_id": "1:1099138608394:android:c6f324bbbcd653f0cd9ef3",
        "android_client_info": {
          "package_name": "com.example.ct_001"
        }
      },
      "oauth_client": [],
      "api_key": [
        {
          "current_key": "AIzaSyCC9boI0-0YHy-1MnRFAXK0JnPhxE9py-U"
        }
      ],
      "services": {
        "appinvite_service": {
          "other_platform_oauth_client": []
        }
      }
    }
  ],
  "configuration_version": "1"
}